DROP TABLE IF EXISTS content_links;
CREATE TABLE content_links (id integer PRIMARY KEY, name VARCHAR(255), is_internal bool, url TEXT);
INSERT INTO content_links VALUES (1, 'RSVP for wedding &amp; reception',true,'rsvps'),(2, 'More Info',false,'http://www.ci.austin.tx.us/austinairport/default.htm'),(3, 'Reserve Online',false,'https://ssl.omnihotels.com/Omni?Perseus_state=clear&lang_code=en-us&prop=AUSCTR&group_code=13600109405'),(4, 'RSVP for wedding &amp; reception',true,'rsvps');

DROP TABLE IF EXISTS content_texts;
CREATE TABLE content_texts (id integer PRIMARY KEY, text text);
INSERT INTO content_texts VALUES (1, '<p>Approximately 8 miles from downtown Austin</p>');
INSERT INTO content_texts VALUES (2, '<p>700 San Jacinto at 8th Street, Austin, TX<br />Reservations: (512) 476-3700</p><p>There is a wedding block set up at with discounted rates for the weekend. Please call and ask for the \"Ryu/Chen\" wedding block or reserve online with Group Code: 13600109405.</p><p><strong>Must reserve by 8/1.</strong></p><p>Special rate: $139/night for standard guestroom with a King or two Double bed accomodations.</p>');
INSERT INTO content_texts VALUES (3, '<p>We have coordinated buses for guests to take to and from the wedding so everyone can have a great time and not worry about designating drivers.</p><p>Pick-up and drop-off will be from the Omni Austin Downtown Hotel. Please RSVP by 6/27 if you will be taking the shuttle so we can make sure you have a ride!</p><p><b>Pick-up time:</b> 5:30pm<br /><b>Return times:</b> 10:00pm and 11:00pm<br /></p>');

DROP TABLE IF EXISTS domains;
CREATE TABLE domains (id integer PRIMARY KEY, wedding_id integer, domain varchar(255), created_at timestamp, updated_at timestamp);
INSERT INTO domains VALUES (1,1,'caroline-and-tony.com'),(2,1,'www.caroline-and-tony.com');

DROP TABLE IF EXISTS locations;
CREATE TABLE locations (id integer PRIMARY KEY, name varchar(255), address1 varchar(255), address2 varchar(255), city varchar(255), state_id varchar(255), postal_code varchar(255), latitude decimal(9,6), longitude decimal(9,6), created_at timestamp, updated_at timestamp, map_url varchar(255));
INSERT INTO locations VALUES (1,'Austin','',NULL,'Austin','1','78619','30.000000','-98.000000','2011-05-19 07:33:19','2011-05-19 07:33:19',NULL);
INSERT INTO locations VALUES (2,'Thurmans Mansion at the Salt Lick BBQ','18300 Farm to Market Road 1826',NULL,'driftwood','1','78619','30.131695','-98.017504','2011-05-19 07:33:19','2011-06-22 08:22:00','http://maps.google.com/maps?f=d&source=s_d&saddr=700+San+Jacinto+at+8th+Street,+Austin,+TX&daddr=18300+Farm+to+Market+Road+1826,+Driftwood,+TX&hl=en&geocode=FXjezQEd_5ks-ilFVkg_p7VEhjGd-ppcWLIwIg%3BFYTEywEdkm4o-im7wzFj5URbhjFy0mcmUBc5uA&mra=ls&sll=30.2656'),(3,'Austin-Bergstrom International Airport (AUS)','3600 Presidential Blvd.',NULL,'austin','1','78719','30.202495','-97.667612','2011-06-22 08:22:00','2011-06-22 08:22:00','http://maps.google.com/maps?q=Austin-Bergstrom+International+Airport+(AUS)&hl=en&sll=37.0625,-95.677068&sspn=45.197878,93.076172&z=14'),(4,'Omni Austin Downtown Hotel','700 San Jacinto at 8th Street',NULL,'austin','1','78701','30.268438','-97.740127','2011-06-22 08:22:00','2011-06-22 08:22:00','http://maps.google.com/maps?q=Omni+Austin+Downtown+Hotel&hl=en&ll=30.269298,-97.740297&spn=0.011638,0.022724&sll=30.269048,-97.740289&sspn=0.012102,0.022724&z=16&iwloc=A'),(5,'Colorado St & W 4th St','Colorado St & W 4th St',NULL,'austin','1','78702','30.266569','-97.744811','2011-06-22 08:22:00','2011-06-22 08:22:00','http://maps.google.com/maps?q=4th+and+colorado,+austin,+TX&hl=en&sll=37.0625,-95.677068&sspn=45.197878,93.076172&z=16&iwloc=A');

DROP TABLE IF EXISTS page_widgets;
CREATE TABLE page_widgets (id integer PRIMARY KEY, page_id integer, widget_type varchar(255), widget_id integer, verticle_order integer, widget_group_id integer);
INSERT INTO page_widgets VALUES (1,2,'WidgetText',1,1,NULL),(3,4,'WidgetText',3,1,NULL),(5,1,'WidgetText',5,2,NULL),(7,8,'WidgetText',7,1,NULL),(9,3,'WidgetText',9,1,NULL),(10,7,'WidgetEvent',3,1,1),(12,7,'WidgetEvent',4,3,1),(14,6,'WidgetInformation',1,1,2),(15,6,'WidgetInformation',2,2,2),(16,6,'WidgetInformation',3,3,2),(17,5,'WidgetText',10,1,NULL),(18,9,'WidgetText',11,1,NULL),(19,10,'WidgetText',12,1,NULL);

DROP TABLE IF EXISTS pages;
CREATE TABLE pages (id integer PRIMARY KEY, url_name varchar(255), wedding_id integer, title varchar(255), class_name varchar(255), navigation_order integer, is_locked bool, is_home bool, show_title bool, show_page bool, is_static bool);
INSERT INTO pages VALUES (1,'welcome',1,'Welcome','welcome',1,true,true,false,true,false);
INSERT INTO pages VALUES (2,'invitation',1,'The Wedding','invitation',3,false,false,false,true,false);
INSERT INTO pages VALUES (3,'about_us',1,'About Us','guest_and_travel',2,false,false,false,true,false);
INSERT INTO pages VALUES (4,'photos',1,'Photos','comingsoon',4,false,false,false,false,false);
INSERT INTO pages VALUES (5,'wedding_party',1,'Wedding Party','guest_and_travel',5,false,false,false,true,false);
INSERT INTO pages VALUES (6,'guest_and_travel',1,'Guest & Travel Information','guest_and_travel',7,false,false,false,true,false);
INSERT INTO pages VALUES (7,'events',1,'Event Details','events',6,false,false,false,true,false);
INSERT INTO pages VALUES (9,'things_to_do',1,'Things To Do','things_to_do',9,false,false,false,true,false);
INSERT INTO pages VALUES (10,'registry',1,'Registry',NULL,10,false,false,false,true,false);

DROP TABLE IF EXISTS rsvp_options;
CREATE TABLE rsvp_options (id integer PRIMARY KEY, rsvp_question_id integer, option text);
INSERT INTO rsvp_options VALUES (1,1,'BBQ'),(2,1,'Vegetarian'),(3,3,'Yes, Id like a ride'),(4,3,'No, I will not need a ride');

DROP TABLE IF EXISTS rsvp_questions;
CREATE TABLE rsvp_questions (id integer PRIMARY KEY, wedding_id integer, html_form_type integer, question varchar(255), is_required bool, display_order integer);
INSERT INTO rsvp_questions VALUES (1,1,0,'Food Preference:',true,1),(2,1,2,'Have you booked accommodations for your stay?<br>If so, please let us know where:',false,2),(3,1,0,'Transportation is provided to/from the wedding at the Omni Austin Downtown Hotel. Please indicate if youd like a ride:',true,3),(4,1,4,'For more information, visit the Guest & Travel tab.',NULL,4);

DROP TABLE IF EXISTS rsvp_selections;
CREATE TABLE rsvp_selections (id integer PRIMARY KEY, rsvp_id integer, rsvp_question_id integer, rsvp_option_id integer, answer varchar(255));
INSERT INTO rsvp_selections VALUES (1,1,1,2,NULL),(2,1,2,NULL,'HOTEL TEST'),(3,1,3,3,NULL),(4,2,1,1,NULL),(5,2,2,NULL,'not yet. '),(6,2,3,3,NULL),(7,3,1,1,NULL),(8,3,2,NULL,'not yet. '),(9,3,3,3,NULL),(10,4,1,1,NULL),(11,4,3,4,NULL),(12,7,1,1,NULL),(13,7,3,4,NULL),(14,8,1,1,NULL),(15,8,2,NULL,'friends place '),(16,8,3,4,NULL),(17,9,1,2,NULL),(18,9,2,NULL,'Omni Austin Downtown Hotel'),(19,9,3,3,NULL),(20,10,1,1,NULL),(21,10,3,3,NULL),(22,11,1,1,NULL),(23,11,2,NULL,'will book omni'),(24,11,3,3,NULL),(25,12,1,1,NULL),(26,12,2,NULL,'House and then the Omni for sat'),(27,12,3,3,NULL),(28,14,1,1,NULL),(29,14,3,3,NULL),(30,15,1,1,NULL),(31,15,3,3,NULL),(32,16,1,1,NULL),(33,16,2,NULL,'No. Probably will be at the Omni though. '),(34,16,3,3,NULL),(35,17,1,1,NULL),(36,17,2,NULL,'No. Probably Omni Hotel though. '),(37,17,3,3,NULL),(38,18,1,1,NULL),(39,18,3,4,NULL),(40,19,1,1,NULL),(41,19,3,3,NULL),(42,20,1,1,NULL),(43,20,2,NULL,'Omni'),(44,20,3,3,NULL),(45,21,1,1,NULL),(46,21,2,NULL,'omni austin'),(47,21,3,3,NULL),(48,22,1,1,NULL),(49,22,2,NULL,'Yes... ask steven'),(50,22,3,4,NULL),(51,23,1,1,NULL),(52,23,3,4,NULL),(53,24,1,1,NULL),(54,24,2,NULL,'Friends Place'),(55,24,3,3,NULL),(56,25,1,1,NULL),(57,25,2,NULL,'Friends Place'),(58,25,3,3,NULL),(59,26,1,1,NULL),(60,26,3,3,NULL),(61,27,1,1,NULL),(62,27,3,3,NULL),(63,28,1,1,NULL),(64,28,3,3,NULL),(65,29,1,2,NULL),(66,29,3,3,NULL),(67,30,1,1,NULL),(68,30,3,3,NULL),(69,31,1,1,NULL),(70,31,3,3,NULL),(71,32,1,1,NULL),(72,32,2,NULL,'Omni Austin Downtown Hotel'),(73,32,3,3,NULL),(74,33,1,1,NULL),(75,33,3,3,NULL),(76,34,1,1,NULL),(77,34,2,NULL,'Omni Austin Downtown Hotel'),(78,34,3,3,NULL),(79,35,1,1,NULL),(80,35,2,NULL,'Omni '),(81,35,3,3,NULL),(82,36,1,1,NULL),(83,36,3,3,NULL),(84,37,1,1,NULL),(85,37,2,NULL,'Omni Austin Downtown'),(86,37,3,3,NULL),(87,38,1,1,NULL),(88,38,3,3,NULL),(89,39,1,1,NULL),(90,39,3,3,NULL),(91,40,1,1,NULL),(92,40,2,NULL,'Omni'),(93,40,3,3,NULL),(94,41,1,1,NULL),(95,41,3,3,NULL),(96,42,1,1,NULL),(97,42,2,NULL,'I believe at the Omni'),(98,42,3,3,NULL),(99,43,1,1,NULL),(100,43,3,3,NULL),(101,44,1,1,NULL),(102,44,2,NULL,'w/skinny&sammie @omni'),(103,44,3,3,NULL),(104,45,1,1,NULL),(105,45,2,NULL,'with the guys'),(106,45,3,4,NULL),(107,47,1,1,NULL),(108,47,2,NULL,'Omni '),(109,47,3,3,NULL),(110,48,1,1,NULL),(111,48,2,NULL,'Rental house and Omni with the group'),(112,48,3,3,NULL),(113,49,1,1,NULL),(114,49,2,NULL,'Willies sisters house'),(115,49,3,4,NULL),(116,50,1,1,NULL),(117,50,2,NULL,'Auntie Carols house'),(118,50,3,4,NULL),(119,52,1,1,NULL),(120,52,2,NULL,'Omni Hotel'),(121,52,3,3,NULL),(122,55,1,1,NULL),(123,55,2,NULL,'No - probably with the other girls.'),(124,55,3,3,NULL),(125,56,1,1,NULL),(126,56,2,NULL,'Omni Downtown Austin'),(127,56,3,3,NULL),(128,57,1,1,NULL),(129,57,2,NULL,'Omni'),(130,57,3,3,NULL),(131,61,1,1,NULL),(132,61,2,NULL,'friends place'),(133,61,3,4,NULL),(134,62,1,1,NULL),(135,62,2,NULL,'not yet but probably omni'),(136,62,3,3,NULL),(137,63,1,1,NULL),(138,63,3,4,NULL),(139,65,1,1,NULL),(140,65,2,NULL,'hi'),(141,65,3,3,NULL),(142,67,1,1,NULL),(143,67,2,NULL,'Omni Hotel'),(144,67,3,3,NULL),(145,68,1,1,NULL),(146,68,2,NULL,'Well be staying with family'),(147,68,3,3,NULL),(148,69,1,1,NULL),(149,69,3,3,NULL),(150,70,1,1,NULL),(151,70,3,3,NULL),(152,71,1,1,NULL),(153,71,3,4,NULL),(154,72,1,1,NULL),(155,72,3,3,NULL),(156,73,1,1,NULL),(157,73,2,NULL,'Omni'),(158,73,3,3,NULL),(159,74,1,1,NULL),(160,74,3,3,NULL),(161,75,1,1,NULL),(162,75,3,3,NULL),(163,77,1,1,NULL),(164,77,2,NULL,'Omni w/ Brian N.'),(165,77,3,3,NULL),(166,78,1,1,NULL),(167,78,2,NULL,'Omni'),(168,78,3,3,NULL),(169,79,1,1,NULL),(170,79,3,3,NULL),(171,80,1,1,NULL),(172,80,3,3,NULL),(173,81,1,1,NULL),(174,81,2,NULL,'Omni'),(175,81,3,3,NULL),(176,82,1,1,NULL),(177,82,2,NULL,'Sadly no, Can I stay with you guys?'),(178,82,3,3,NULL),(179,83,1,1,NULL),(180,83,3,3,NULL),(181,84,1,1,NULL),(182,84,3,3,NULL),(183,85,1,1,NULL),(184,85,2,NULL,'Omni'),(185,85,3,3,NULL),(186,86,1,1,NULL),(187,86,3,3,NULL),(188,87,1,1,NULL),(189,87,3,3,NULL),(190,88,1,1,NULL),(191,88,2,NULL,'Omni'),(192,88,3,3,NULL),(193,89,1,1,NULL),(194,89,2,NULL,'With family'),(195,89,3,3,NULL),(196,90,1,1,NULL),(197,90,3,4,NULL),(198,93,1,1,NULL),(199,93,3,4,NULL),(200,94,1,1,NULL),(201,94,3,4,NULL),(202,95,1,1,NULL),(203,95,3,4,NULL),(204,97,1,1,NULL),(205,97,3,3,NULL),(206,99,1,1,NULL),(207,99,3,4,NULL),(208,100,1,1,NULL),(209,100,3,3,NULL),(210,101,1,1,NULL),(211,101,2,NULL,'Yes - Omni'),(212,101,3,3,NULL),(213,103,1,1,NULL),(214,103,3,4,NULL),(215,104,1,2,NULL),(216,104,3,4,NULL),(217,105,1,1,NULL),(218,105,2,NULL,'yep, i think im staying in the house too? '),(219,105,3,3,NULL),(220,107,1,1,NULL),(221,107,2,NULL,'Omni Austin Downtown'),(222,107,3,3,NULL);

DROP TABLE IF EXISTS rsvps;
CREATE TABLE rsvps (id integer PRIMARY KEY, wedding_id integer, name varchar(255), can_attend bool, additional_notes text, created_at timestamp, updated_at timestamp);
INSERT INTO rsvps VALUES (1,1,'CAROLINE TEST',true,'COMMENT TEST','2011-05-19 07:41:15','2011-05-19 07:41:15');
INSERT INTO rsvps VALUES (2,1,'Diana Quach and Ray Chindaphorn',true,'','2011-05-19 09:11:21','2011-05-19 09:11:21');
INSERT INTO rsvps VALUES (3,1,'Ray Chindaphorn (Dianas date)',true,'sorry! just RSVPing separately. ','2011-05-19 09:12:28','2011-05-19 09:12:28');
INSERT INTO rsvps VALUES (4,1,'Jerry, Rachel and the boys',true,'Yay! :)','2011-05-19 09:16:13','2011-05-19 09:16:13');
INSERT INTO rsvps VALUES (5,1,'Jason Helvey',false,'','2011-05-19 11:49:44','2011-05-19 11:49:44');
INSERT INTO rsvps VALUES (6,1,'Amy Endo',false,'','2011-05-19 11:49:57','2011-05-19 11:49:57');
INSERT INTO rsvps VALUES (7,1,'Brian M. Ngo',true,'','2011-05-19 13:23:02','2011-05-19 13:23:02');
INSERT INTO rsvps VALUES (8,1,'Lara Chung & John Choi',true,'Please let us know if you have any special requests','2011-05-19 16:14:57','2011-05-19 16:14:57');
INSERT INTO rsvps VALUES (9,1,'Meeka Wu',true,'cant wait!','2011-05-19 16:25:25','2011-05-19 16:25:25');
INSERT INTO rsvps VALUES (10,1,'Mike Cheng',true,'','2011-05-19 16:48:50','2011-05-19 16:48:50');
INSERT INTO rsvps VALUES (11,1,'james lee',true,'Please let us know if you have any special requests','2011-05-19 18:27:26','2011-05-19 18:27:26');
INSERT INTO rsvps VALUES (12,1,'Lijen Tan',true,'wooohoo','2011-05-19 18:40:16','2011-05-19 18:40:16');
INSERT INTO rsvps VALUES (13,1,'Erina Kim',false,'','2011-05-19 18:58:24','2011-05-19 18:58:24');
INSERT INTO rsvps VALUES (14,1,'Cecilia Chan',true,'Please let us know if you have any special requests','2011-05-19 19:10:21','2011-05-19 19:10:21');
INSERT INTO rsvps VALUES (15,1,'JD Bennett',true,'Please let us know if you have any special requests','2011-05-19 19:10:37','2011-05-19 19:10:37');
INSERT INTO rsvps VALUES (16,1,'Stephanie Chan',true,'Please let us know if you have any special requests','2011-05-19 19:11:17','2011-05-19 19:11:17');
INSERT INTO rsvps VALUES (17,1,'Ronnie Zo',true,'This is Steph. Sorry I forgot to RSVP for Ronnie on my own RSVP.  :)','2011-05-19 19:13:49','2011-05-19 19:13:49');
INSERT INTO rsvps VALUES (18,1,'Venus & Ryan Wills',true,'Will there be unicorns?','2011-05-19 21:20:13','2011-05-19 21:20:13');
INSERT INTO rsvps VALUES (19,1,'Natasha L. Chong',true,'I dont eat pork, so if the BBQ is pork then my food preference is vegetarian.  If not, the count me in for the BBQ :)','2011-05-19 22:23:19','2011-05-19 22:23:19');
INSERT INTO rsvps VALUES (20,1,'Sammie',true,'Please let us know if you have any special requests','2011-05-19 22:39:02','2011-05-19 22:39:02');
INSERT INTO rsvps VALUES (21,1,'christine you',true,'cant wait :)','2011-05-19 23:02:42','2011-05-19 23:02:42');
INSERT INTO rsvps VALUES (22,1,'Charles Shieh',true,'','2011-05-20 02:40:20','2011-05-20 02:40:20');
INSERT INTO rsvps VALUES (23,1,'Julie Hahn',true,'','2011-05-20 06:27:17','2011-05-20 06:27:17');
INSERT INTO rsvps VALUES (24,1,'Susan Lee',true,'','2011-05-20 06:44:38','2011-05-20 06:44:38');
INSERT INTO rsvps VALUES (25,1,'Carlos Chan',true,'','2011-05-20 06:44:59','2011-05-20 06:44:59');
INSERT INTO rsvps VALUES (26,1,'sharyne ng',true,'','2011-05-20 15:11:17','2011-05-20 15:11:17');
INSERT INTO rsvps VALUES (27,1,'caroline ku',true,'','2011-05-20 15:39:10','2011-05-20 15:39:10');
INSERT INTO rsvps VALUES (28,1,'Bert Shen',true,'Please let us know if you have any special requests','2011-05-20 18:11:22','2011-05-20 18:11:22');
INSERT INTO rsvps VALUES (29,1,'Carolyn Ching',true,'YAY for your wedding!!! ','2011-05-20 19:13:28','2011-05-20 19:13:28');
INSERT INTO rsvps VALUES (30,1,'kathryn chin',true,'yayyy!! HAPPY HAPPY DAY!','2011-05-21 04:51:59','2011-05-21 04:51:59');
INSERT INTO rsvps VALUES (31,1,'Mike Chang',true,'Please let us know if you have any special requests','2011-05-21 06:22:35','2011-05-21 06:22:35');
INSERT INTO rsvps VALUES (32,1,'Ben Tan',true,'','2011-05-21 07:04:09','2011-05-21 07:04:09');
INSERT INTO rsvps VALUES (33,1,'Chris & Tina Nelson',true,'','2011-05-22 01:14:37','2011-05-22 01:14:37');
INSERT INTO rsvps VALUES (34,1,'James Choi',true,'Congrats again guys!  Looking forward to it.','2011-05-23 00:10:12','2011-05-23 00:10:12');
INSERT INTO rsvps VALUES (35,1,'Stephanie Le',true,'','2011-05-23 00:57:41','2011-05-23 00:57:41');
INSERT INTO rsvps VALUES (36,1,'Michelle Chang',true,'WOOOHOOOOOOOO!!!','2011-05-23 16:13:52','2011-05-23 16:13:52');
INSERT INTO rsvps VALUES (37,1,'Kevin Park and Helen Park',true,'Let us know if we need Helen to submit her RSVP as well. ','2011-05-25 06:04:58','2011-05-25 06:04:58');
INSERT INTO rsvps VALUES (38,1,'Hannah Wu',true,'Please let us know if you have any special requests','2011-05-25 22:02:34','2011-05-25 22:02:34');
INSERT INTO rsvps VALUES (39,1,'Eric Wu',true,'Please let us know if you have any special requests','2011-05-25 22:02:50','2011-05-25 22:02:50');
INSERT INTO rsvps VALUES (40,1,'Steven Huang',true,'','2011-05-25 23:38:39','2011-05-25 23:38:39');
INSERT INTO rsvps VALUES (41,1,'Diana Eng & Jason Wong (or if you want you can call us Mr & Mrs. Wong or even Mr and Mrs. Eng) haha!',true,'My special request: Have a wonderful day! Dont stress about all the little details and just enjoy the moment! Cant wait for your big day!! ','2011-05-26 17:59:30','2011-05-26 17:59:30');
INSERT INTO rsvps VALUES (42,1,'Albert Shin',true,'Congrats!','2011-05-27 23:21:40','2011-05-27 23:21:40');
INSERT INTO rsvps VALUES (43,1,'Natalie Hoshi',true,'Unfortunately David cannot make it bc of work =( but I will be there on behalf of both of us to celebrate your beautiful wedding Texas style!!! Cant wait!','2011-06-01 04:43:05','2011-06-01 04:43:05');
INSERT INTO rsvps VALUES (44,1,'Sar Mutka',true,'richard&noah are staying home. just me! :)  \r\n\r\ntime to partaaayyyy!! cant wait guys :)','2011-06-01 19:55:18','2011-06-01 19:55:18');
INSERT INTO rsvps VALUES (45,1,'Bryan Fong',true,'','2011-06-05 16:41:30','2011-06-05 16:41:30');
INSERT INTO rsvps VALUES (46,1,'Elaine Hsiao',false,'Please let us know if you have any special requests','2011-06-06 20:08:12','2011-06-06 20:08:12');
INSERT INTO rsvps VALUES (47,1,'Norman Hsieh',true,'','2011-06-06 22:33:13','2011-06-06 22:33:13');
INSERT INTO rsvps VALUES (48,1,'Laurie Kim',true,'','2011-06-08 16:38:33','2011-06-08 16:38:33');
INSERT INTO rsvps VALUES (49,1,'Willie and JoAnn Kim',true,'Please let us know if you have any special requests','2011-06-11 06:54:12','2011-06-11 06:54:12');
INSERT INTO rsvps VALUES (50,1,'Stephanie and Kristina Kim',true,'Please let us know if you have any special requests','2011-06-11 06:55:09','2011-06-11 06:55:09');
INSERT INTO rsvps VALUES (51,1,'stephanie choung/landrem',false,'','2011-06-12 02:25:46','2011-06-12 02:25:46');
INSERT INTO rsvps VALUES (52,1,'Christina Wang',true,'congrats!!! yay, woohoo!','2011-06-13 23:01:21','2011-06-13 23:01:21');
INSERT INTO rsvps VALUES (53,1,'Eiki Tanaka',false,'','2011-06-14 18:17:55','2011-06-14 18:17:55');
INSERT INTO rsvps VALUES (54,1,'Jennifer Louie',false,'','2011-06-14 18:18:14','2011-06-14 18:18:14');
INSERT INTO rsvps VALUES (55,1,'Mika Kondo',true,'Hi Carol! Can\'t waittttttttttt. Hi Tony.','2011-06-17 17:29:48','2011-06-17 17:29:48');
INSERT INTO rsvps VALUES (56,1,'Carol Han',true,'Please let us know if you have any special requests','2011-06-17 19:16:19','2011-06-17 19:16:19');
INSERT INTO rsvps VALUES (57,1,'Janet Cheng',true,'','2011-06-18 20:06:02','2011-06-18 20:06:02');
INSERT INTO rsvps VALUES (58,1,'Sandra Wu',false,'Please let us know if you have any special requests','2011-06-19 21:12:03','2011-06-19 21:12:03');
INSERT INTO rsvps VALUES (59,1,'Mia Kim',false,'','2011-06-20 04:53:50','2011-06-20 04:53:50');
INSERT INTO rsvps VALUES (60,1,'Jimmy Liu',false,'Please let us know if you have any special requests','2011-06-21 18:07:31','2011-06-21 18:07:31');
INSERT INTO rsvps VALUES (61,1,'John Choi',true,'Please let us know if you have any special requests','2011-06-21 19:24:23','2011-06-21 19:24:23');
INSERT INTO rsvps VALUES (62,1,'Jeff Lee',true,'Please let us know if you have any special requests','2011-06-21 20:13:36','2011-06-21 20:13:36');
INSERT INTO rsvps VALUES (63,1,'Sharon Park',true,'Please let us know if you have any special requests','2011-06-21 20:34:47','2011-06-21 20:34:47');
INSERT INTO rsvps VALUES (64,1,'Lijen Test NO',false,'','2011-06-22 09:04:34','2011-06-22 09:04:34');
INSERT INTO rsvps VALUES (65,1,'Lijen Test YES',true,'asdf','2011-06-22 09:04:57','2011-06-22 09:04:57');
INSERT INTO rsvps VALUES (66,1,'Josephine Park',false,'','2011-06-22 16:26:04','2011-06-22 16:26:04');
INSERT INTO rsvps VALUES (67,1,'Monica Chan',true,'','2011-06-22 16:54:27','2011-06-22 16:54:27');
INSERT INTO rsvps VALUES (68,1,'Samantha Elliott',true,'','2011-06-22 17:10:22','2011-06-22 17:10:22');
INSERT INTO rsvps VALUES (69,1,'Daniel Lee',true,'','2011-06-22 17:16:53','2011-06-22 17:16:53');
INSERT INTO rsvps VALUES (70,1,'Esther Yum',true,'<3  Phil and Claire are awesome... I love them~  Congrats again guys!','2011-06-22 17:20:40','2011-06-22 17:20:40');
INSERT INTO rsvps VALUES (71,1,'Tim Kim',true,'','2011-06-22 17:27:52','2011-06-22 17:27:52');
INSERT INTO rsvps VALUES (72,1,'Hsin-Mei Wang',true,'','2011-06-22 17:42:29','2011-06-22 17:42:29');
INSERT INTO rsvps VALUES (73,1,'Natasha Chong',true,'I think I already RSVP\'d but wanted to do it again just in case!   Also, if the BBQ is pork, then please change my food preference to Vegetarian.  Thanks!','2011-06-22 20:53:04','2011-06-22 20:53:04');
INSERT INTO rsvps VALUES (74,1,'Kaytee Wei',true,'','2011-06-22 22:17:31','2011-06-22 22:17:31');
INSERT INTO rsvps VALUES (75,1,'Jowin Wang',true,'','2011-06-22 22:17:53','2011-06-22 22:17:53');
INSERT INTO rsvps VALUES (76,1,'Jong Dae (JD) and Jong Won (Jane) Lee',false,'','2011-06-22 22:28:50','2011-06-22 22:28:50');
INSERT INTO rsvps VALUES (77,1,'Albert Shin',true,'','2011-06-23 00:22:13','2011-06-23 00:22:13');
INSERT INTO rsvps VALUES (78,1,'David Hwang',true,'','2011-06-23 01:28:37','2011-06-23 01:28:37');
INSERT INTO rsvps VALUES (79,1,'mandy lin',true,'','2011-06-23 01:50:11','2011-06-23 01:50:11');
INSERT INTO rsvps VALUES (80,1,'Ben Tan',true,'','2011-06-23 04:45:21','2011-06-23 04:45:21');
INSERT INTO rsvps VALUES (81,1,'Gloria Lee',true,'','2011-06-23 07:38:15','2011-06-23 07:38:15');
INSERT INTO rsvps VALUES (82,1,'Shanko Wang',true,'','2011-06-23 08:51:35','2011-06-23 08:51:35');
INSERT INTO rsvps VALUES (83,1,'Christy Seto',true,'Congrats!! I\'m super excited to see you at your wedding! ','2011-06-23 16:33:03','2011-06-23 16:33:03');
INSERT INTO rsvps VALUES (84,1,'James Kang',true,'','2011-06-23 19:58:30','2011-06-23 19:58:30');
INSERT INTO rsvps VALUES (85,1,'Matt Sun and Christina Wang',true,'','2011-06-24 18:28:04','2011-06-24 18:28:04');
INSERT INTO rsvps VALUES (86,1,'Kathy Chen',true,'','2011-06-25 00:57:17','2011-06-25 00:57:17');
INSERT INTO rsvps VALUES (87,1,'Dexter Lam',true,'','2011-06-25 00:57:35','2011-06-25 00:57:35');
INSERT INTO rsvps VALUES (88,1,'Andrew Kim (Julie Hahn\'s date)',true,'','2011-06-26 17:06:43','2011-06-26 17:06:43');
INSERT INTO rsvps VALUES (89,1,'John Elliott',true,'','2011-06-26 17:48:43','2011-06-26 17:48:43');
INSERT INTO rsvps VALUES (90,1,'Joo Sung',true,'','2011-06-26 23:06:38','2011-06-26 23:06:38');
INSERT INTO rsvps VALUES (91,1,'Jennifer Wang',false,'','2011-06-27 15:59:43','2011-06-27 15:59:43');
INSERT INTO rsvps VALUES (92,1,'Ojas Sitapara',false,'','2011-06-27 16:45:41','2011-06-27 16:45:41');
INSERT INTO rsvps VALUES (93,1,'Ki Kim',true,'','2011-06-27 23:55:41','2011-06-27 23:55:41');
INSERT INTO rsvps VALUES (94,1,'Christine Kim',true,'','2011-06-27 23:56:59','2011-06-27 23:56:59');
INSERT INTO rsvps VALUES (95,1,'Christine Kim',true,'','2011-06-27 23:57:41','2011-06-27 23:57:41');
INSERT INTO rsvps VALUES (96,1,'Sharon Kwun',false,'','2011-06-28 01:57:04','2011-06-28 01:57:04');
INSERT INTO rsvps VALUES (97,1,'Grace Lau',true,'so sorry! i thought i responded to this the first day i received it! :(','2011-06-28 19:17:34','2011-06-28 19:17:34'),
INSERT INTO rsvps VALUES (98,1,'min jae sung',false,'','2011-06-29 16:13:59','2011-06-29 16:13:59');
INSERT INTO rsvps VALUES (99,1,'Susan Ryu',true,'','2011-06-30 06:13:19','2011-06-30 06:13:19');
INSERT INTO rsvps VALUES (100,1,'Grace Su',true,'','2011-06-30 19:32:59','2011-06-30 19:32:59');
INSERT INTO rsvps VALUES (101,1,'Miranda Wang',true,'','2011-06-30 20:04:46','2011-06-30 20:04:46');
INSERT INTO rsvps VALUES (102,1,'Erika Choung',false,'','2011-07-07 15:27:06','2011-07-07 15:27:06');
INSERT INTO rsvps VALUES (103,1,'Alex Ryu',true,'Elena and baby hay are coming too.','2011-07-08 04:06:48','2011-07-08 04:06:48');
INSERT INTO rsvps VALUES (104,1,'Elena Ryu',true,'','2011-07-08 04:07:13','2011-07-08 04:07:13');
INSERT INTO rsvps VALUES (105,1,'Young Yuk',true,'Sorry, I lagged on this -- I thought Meeka would RSVP for me.  ','2011-07-08 15:09:39','2011-07-08 15:09:39');
INSERT INTO rsvps VALUES (106,1,'Nate Suangpo',false,'','2011-07-13 04:07:00','2011-07-13 04:07:00');
INSERT INTO rsvps VALUES (107,1,'Hannah Park & Michael Park',true,'Hi Carol + Tony! Were so sorry about the late RSVP. It took us a bit to get the logistics figured out, but were so excited to share your big day and cant wait!!! \r\n\r\nBy the way, will you be leaving the country from Austin or going back to SF? \r\n\r\nHannah + Mike','2011-08-01 03:15:46','2011-08-01 03:15:46');


DROP TABLE IF EXISTS schema_migrations;
CREATE TABLE schema_migrations (version varchar(255), UNIQUE (version));
INSERT INTO schema_migrations VALUES ('20110508021645'),('20110508033557'),('20110508190244'),('20110508191514'),('20110508221026'),('20110508221106'),('20110508224609'),('20110509010408'),('20110509014313'),('20110509014342'),('20110509014428'),('20110509014618'),('20110510064113'),('20110514003148'),('20110518190928'),('20110518202719'),('20110518203416'),('20110519071013'),('20110521185957'),('20110521195550'),('20110525073652'),('20110525073653'),('20110525073928'),('20110525073929'),('20110529080999'),('20110529081000'),('20110608061302'),('20110613021709'),('20110615065405'),('20110622032241'),('20110622041315'),('20110622084246');

DROP TABLE IF EXISTS states;
CREATE TABLE states (id integer PRIMARY KEY, name varchar(255), short_name varchar(255), created_at timestamp, updated_at timestamp);
INSERT INTO states VALUES (1,'texas','TX','2011-05-19 07:33:19','2011-05-19 07:33:19');

DROP TABLE IF EXISTS user_auths;
CREATE TABLE user_auths (id integer PRIMARY KEY, user_id integer, service_id integer, login varchar(255), password varchar(255), created_at timestamp, updated_at timestamp);

DROP TABLE IF EXISTS users;
CREATE TABLE users (id integer PRIMARY KEY, first_name varchar(255), last_name varchar(255), wedding_id integer, role_id integer, facebook_id varchar(255), created_at timestamp, updated_at timestamp);

DROP TABLE IF EXISTS wedding_authentications;
CREATE TABLE wedding_authentications (id integer PRIMARY KEY, wedding_id integer, service_provider integer, login varchar(255), created_at timestamp, updated_at timestamp);

DROP TABLE IF EXISTS weddings;
CREATE TABLE weddings (id integer PRIMARY KEY, name varchar(255), name_html varchar(255), rsvp_message varchar(255), date timestamp, text_announcement_image_url varchar(255), photo_gallery_id integer, video_url varchar(255), location_id integer, bride_first_name varchar(255), bride_last_name varchar(255), groom_first_name varchar(255), groom_last_name varchar(255), ga_tag text, created_at timestamp, updated_at timestamp);
INSERT INTO weddings VALUES (1,'Caroline &amp; Tony','Caroline <em>&amp;</em> Tony','Kindly reply for each guest by 6/27/11. Thanks!','2011-08-27 18:30:00',NULL,NULL,NULL,1,'Caroline','Ryu','Tony','Chen','<script type="text/javascript">var _gaq = _gaq || [];_gaq.push(["_setAccount", "UA-2311903-14"]);_gaq.push(["_trackPageview"]);(function() {var ga = document.createElement("script"); ga.type = "text/javascript"; ga.async = true;ga.src = ("https:" == document.location.protocol ? "https://ssl" : "http://www") + ".google-analytics.com/ga.js";var s = document.getElementsByTagName("script")[0]; s.parentNode.insertBefore(ga, s);})();</script>','2011-05-19 07:33:19','2011-05-19 07:33:19');

DROP TABLE IF EXISTS widget_albums;
CREATE TABLE widget_albums (id integer PRIMARY KEY, service_provider integer, gallery_id varchar(255), created_at timestamp, updated_at timestamp);

DROP TABLE IF EXISTS widget_contents;
CREATE TABLE widget_contents (id integer PRIMARY KEY, widget_type varchar(255), widget_id integer, content_type varchar(255), content_id integer, verticle_order integer);
INSERT INTO widget_contents VALUES (1,'WidgetEvent',3,'ContentLink',1,1),(2,'WidgetInformation',1,'Location',3,1),(3,'WidgetInformation',1,'ContentLink',2,2),(4,'WidgetInformation',2,'Location',4,1),(5,'WidgetInformation',2,'ContentLink',3,2),(6,'WidgetInformation',3,'Location',4,1),(7,'WidgetInformation',3,'Location',2,2),(8,'WidgetInformation',3,'ContentLink',4,3);

DROP TABLE IF EXISTS widget_events;
CREATE TABLE widget_events (id integer PRIMARY KEY, location_id integer, title varchar(255), start_time timestamp, end_time timestamp, is_rsvp_event bool DEFAULT false, created_at timestamp, updated_at timestamp, description varchar(255));
INSERT INTO widget_events VALUES (1,2,'Caroline &amp; Tonys Wedding','2011-08-27 19:00:00','2011-08-27 23:00:00',true,'2011-05-19 07:33:19','2011-05-19 07:33:19',NULL),(3,2,'wedding &amp; reception','2011-08-27 18:30:00',NULL,true,'2011-06-22 08:22:00','2011-06-22 08:22:00','The outdoor ceremony will be followed by cocktail hour and a bbq dinner reception.'),(4,5,'after party','2011-08-27 23:30:00',NULL,false,'2011-06-22 08:22:00','2011-06-22 08:22:00','Immediately following the reception, we will be heading back to downtown Austin to continue the celebration on 4th Street.  Hope to see yall there!');

DROP TABLE IF EXISTS widget_galleries;
CREATE TABLE widget_galleries (id integer PRIMARY KEY, title varchar(255), src text, created_at timestamp, updated_at timestamp);

DROP TABLE IF EXISTS widget_group_widgets;
CREATE TABLE widget_group_widgets (id integer PRIMARY KEY, widget_group_id integer, widget_type varchar(255), widget_id integer);
INSERT INTO widget_group_widgets VALUES (1,1,'WidgetEvent',2),(2,1,'WidgetEvent',3),(3,1,'WidgetEvent',4),(4,1,'WidgetEvent',5),(5,2,'WidgetInformation',1),(6,2,'WidgetInformation',2),(7,2,'WidgetInformation',3);

DROP TABLE IF EXISTS widget_groups;
CREATE TABLE widget_groups (id integer PRIMARY KEY, title varchar(255), description varchar(255), type_id integer);
INSERT INTO widget_groups VALUES (1,'Wedding Events',NULL,1),(2,'Guest &amp; Travel Information',NULL,1);

DROP TABLE IF EXISTS widget_informations;
CREATE TABLE widget_informations (id integer PRIMARY KEY, title varchar(255), title_url text, tab_name varchar(255), description_content_text_id integer);
INSERT INTO widget_informations VALUES (1,'Austin-Bergstrom International Airport (AUS)','http://www.ci.austin.tx.us/austinairport/default.htm','airport',1),(2,'Omni Austin Downtown Hotel','http://www.omnihotels.com/FindAHotel/AustinDowntown/GuestRoomsAndSuites.aspx','accomodations',2),(3,'Transportation',NULL,'transportation',3);

DROP TABLE IF EXISTS widget_texts;
CREATE TABLE widget_texts (id integer PRIMARY KEY, title varchar(255), text text);
INSERT INTO widget_texts VALUES (1,NULL,'<p>together with their family and friends</p><p><strong style=\"color: #da8b91; font-size: 24px;\">Caroline Ryu</strong><br />and<br /><strong style=\"font-size: 24px;\">Tony Chen</strong></p><p>invite you to join the celebration<br />of their love and new life together</p><p><strong>saturday, august 27, 2011</strong><br />at six-thirty in the evening</p><p><strong>thurmans mansion</strong> at the <strong>salt lick bbq</strong><br /><strong>driftwood, texas</strong></p><p>dinner and dancing to follow<br /><strong style=\"color: #da8b91\">please rsvp on this site by june 27</strong></p>');
INSERT INTO widget_texts VALUES (3,'Coming Soon','<p>please check back soon for more updates</p>');
INSERT INTO widget_texts VALUES (5,'Howdy!','<p>Welcome to our wedding website! You can find all the details about our upcoming wedding here so please come back often for new information. We are so excited for you to be a part of our big day and cant wait to see yall there!</p><p><strong>Love,<br><span class=bride>Caroline</span> &amp; Tony</strong></p>');
INSERT INTO widget_texts VALUES (7,'Coming Soon','<p>please check back soon for more updates</p>');
INSERT INTO widget_texts VALUES (9,NULL,'<h1>How did it all start?</h1><h3>Established January 18, 2008</h3> <img src="http://farm6.static.flickr.com/5264/5732027366_e80bfae1d3_m.jpg" alt="Central Park" title="Central Park" /> <p>PB&amp;J. It started over a discussion of the show, <a href="http://en.wikipedia.org/wiki/The_Office_(U.S._TV_series)">The Office</a>. I loved Pam and Caroline loved Jim. As we shared with one another what we liked about each character, I started to realize all the little things about Caroline that I have never noticed before.</p> <p>To this day, our phone numbers and email nicknames are still listed as Jim Halpert and Pam Beasley. But as our relationship has evolved, were actually a lot more like <a href="http://en.wikipedia.org/wiki/Modern_Family">Claire and Phil</a>. Maybe over time, well end up like <a href="http://en.wikipedia.org/wiki/Married..._with_Children">Peggy and Al</a>.</p><p>-Tony</p>');
INSERT INTO widget_texts VALUES (10,NULL,'<h1>Wedding Party</h1><img src="http://farm6.static.flickr.com/5307/5734647231_4ac0f49351_m.jpg" alt="Rachel Wei" title="Rachel Wei" /><h4><span style="color: #da8b91">Rachel Wei</span> &mdash; Maid of Honor</h4>                     <p>Loving mom, awesome wife, expert organizer, and yet still manages to look fabulous? To most people, there aren&rsquo;t enough hours in the day to do what you do. But on top of all this, you&rsquo;ve been the sweetest, most thoughtful person from the moment we met and am so blessed to have you by my side as my maid of honor. Our days of wishful thinking about Tony and I getting married, moving down to the south bay, and having kids so you can babysit feels like it was just yesterday! Someday Tony & Jerry will understand why Whole Foods and ShopBop are a necessity, not an option, but until they do we have each other :) We are soul sisters and twinsies no matter how far abroad Tony and I go! Love you!!</p>                     <img src="http://farm3.static.flickr.com/2054/5735089800_6aa033104e_m.jpg" alt="Kathryn Chin" title="Kathryn Chin" />                     <h4><span style="color: #da8b91">Kathryn Chin</span> &mdash; Bridesmaid</h4>                     <p>As a fellow girlfriend and founding member of RGFD (Real Girlfriends of Divis), Kathryn and I quickly became friends over our love for trashy TV and Hello Kitty. There is never a dull moment when you&rsquo;re with Kat: texting with 80% emoji, taking shots from a smuggled &ldquo;water bottle&rdquo;, and exchanging Nordstrom Anniversary Sale finds. Even all the way from the UAE, you make it easy to stay in touch via chat, email, text, Facebook, and Skype-you&rsquo;re a well connected lady :) Your positive energy is contagious and I know there will not be a shortage of goofy faces in my future wedding album!</p>                      <img src="http://farm6.static.flickr.com/5023/5735196618_267a738154_m.jpg" alt="Stephanie Le" title="Stephanie Le" />                     <h4><span style="color: #da8b91">Stephanie Le</span> &mdash; Bridesmaid</h4>                     <p>Is butter a carb? What day is it? Is your muffin buttered? Steph is the only person I can trust asking such important questions to. I met my princess sister through our friend Matt who thought we&rsquo;d get along. Obviously he didn&rsquo;t realize he was in the presence of royalty. Since then we&rsquo;ve cooked many dinners for Shanko, blacked out at Maroon 5 concerts, cried over SATC, played countless games of deluxe Scrabble and laughed hysterically at our favorite luxury blog. You were my first girlfriend out here and there&rsquo;s no one else I&rsquo;d rather have watch over me on CalTrain ;)</p> <img src="http://farm7.static.flickr.com/6207/6025796595_2dd1a03c2f_m.jpg" alt="Meeka Wu" title="Meeka Wu" />                     <h4><span style="color: #da8b91">Meeka Wu</span> &mdash; Bridesmaid</h4>                     <p>MEEKS!! I met Meeka on a night out at Icon Lounge in SF and since then, whenever you&rsquo;re hanging out with Meeks, it&rsquo;s nothing but fun and laughter. Your smile is contagious and your enthusiasm for anything and everything is something to be admired. You were the first one to tie down a Divis boy and for that you are legendary ;) You&rsquo;ve been there for me and Tony every step of the way in our relationship and whenever I&rsquo;m feeling a little pale, you are right there with some body bronzer! I can&rsquo;t wait for the our half-Chinese, half-Korean babies to grow up together!!</p>                      <hr />                      <img src="http://farm4.static.flickr.com/3268/5734565419_eebc422e14_m.jpg" alt="Lijen Tan" title="Lijen Tan" />                     <h4><span style="color: #da8b91">Lijen Tan</span> &mdash; Best Man</h4>                     <p>Some people refer to us as twins. As only children, we always had a good understanding of each other as we tend to share a lot of similar traits. Since moving up to SF, we have accomplished a lot of activities together including running a marathon, boxing in an exhibition matchup, building (non-) ridable road bikes, biking down from SF to LA, running a startup, and additional extra-curricular activities. We&rsquo;re usually the last ones to sleep in our house as we ponder about life&rsquo;s many questions.</p>                      <img src="http://farm6.static.flickr.com/5147/5735114936_f005e522a0_m.jpg" alt="Chris Nelson" title="Chris Nelson" />                     <h4><span style="color: #da8b91">Chris Nelson</span> &mdash; Groomsman</h4>                     <p>As one of my first friends since moving to Cupertino, Nelly has always been a constant in my life. We&rsquo;ve grown up together, sang in choir together, and spent many days after school playing video games and watching TV. I&rsquo;ve probably taken more naps in his bed (no homo) than probably all of his previous girlfriends combined. He also introduced me to one of my favorite video games of all time &mdash;<br />Final Fantasy 6.</p>                      <img src="http://farm3.static.flickr.com/2401/5735114564_102dc48a43_m.jpg" alt="James Lee" title="James Lee" />                     <h4><span style="color: #da8b91">James Lee</span> &mdash; Groomsman</h4>                     <p>Its been 36+ months since Yumguy, the artist formerly known as James Lee, has cut his hair. I use to think he was a little slow. It&rsquo;s not that he&rsquo;s unintelligent, but he takes his sweet time when contemplating over something (warning: do not wait in line behind him if you are ordering food). But surprisingly, over the 3 years we lived as roommates, I realized that he is one of the most insightful people I know. We&rsquo;ve had a lot of deep conversations over the years and we seem to have a long running inside joke that will never end.</p>                      <img src="http://farm3.static.flickr.com/2751/5734564899_367116debc_m.jpg" alt="Norman Hsieh" title="Norman Hsieh" />                     <h4><span style="color: #da8b91">Norman Hsieh</span> &mdash; Groomsman</h4>                     <p>Faster than a speeding bullet, more powerful than a locomotive, and able to leap tall buildings in a single bound, Norman is one of my best friends since high school. I think he&rsquo;s been there for every drunk night that I have fallen on my face, and then proceeded to take care of me as I return back to consciousness. In the past he has snuck into my house and folded my laundry, force fed me Oreos against my will, and spent many drunken nights wrestling me.</p>                      <hr />                      <h4>VIP</h4>                      <img src="http://farm4.static.flickr.com/3274/5735199842_429c661efe_m.jpg" alt="Tina Tsou-Nelson" title="Tina Tsou-Nelson" />                     <h4><span style="color: #da8b91">Tina Tsou-Nelson</span> &mdash; Wedding Day Coordinator</h4>                     <p>Tina is someone who&rsquo;s always down for having a good time-in costume or not! This August, she&rsquo;ll be celebrating her 2-year wedding anniversary with her husband Chris. After planning such an amazing event of her own, we knew there was only one person we&rsquo;d trust with our special day.</p>                      <img src="http://farm6.static.flickr.com/5221/5744337994_c05665eba7_m.jpg" alt="Brian Ngo" title="Brian Ngo" />                     <h4><span style="color: #da8b91">Brian Ngo</span> &mdash; Officiant</h4>                     <p>When I think of Brian, I think of our first spiritual conversation about Jesus when we were really drunk in Vegas shortly after turning 21. Since then it has been nothing but WWJD and philosophical sports debates. Our discussions have started to evolve over the years, and we&rsquo;re excited to have such a spiritual man wed us.</p>                      <img src="http://farm6.static.flickr.com/5069/5735115196_8fa4e7e4e6_m.jpg" alt="Steven Huang" title="Steven Huang" />                     <h4><span style="color: #da8b91">Steven Huang</span> &mdash; Emcee</h4>                     <p>I think what Steven taught me best is the art of slacking and still getting the job done. Probably one of the most intelligent people that I know, Steven has an aura of confidence about him and we think he&rsquo;s the perfect guy to get the party started.</p>                      <hr />                      <h4>Ring Bearers</h4>                      <p>Our 2 favorite little toddlers from the Weiside Underground Corporation.</p>                      <figure>                         <img src="http://farm4.static.flickr.com/3151/5734675093_4e0f95c122_m.jpg" alt="Jeremy Wei" title="Jeremy Wei" />                         <figcaption style="color: #da8b91"><strong>Jeremy Wei</strong></figcaption>                     </figure>                      <figure>                         <img src="http://farm4.static.flickr.com/3014/5734675161_1a11353181_m.jpg" alt="Tyler Wei" title="Tyler Wei" />                         <figcaption style="color: #da8b91"><strong>Tyler Wei</strong></figcaption></figure>');
INSERT INTO widget_texts VALUES (11,NULL,'<h1>Food</h1><ul style="list-style:none;margin-left:-33px;"><li><a href="http://www.rudys.com/" target=_blank>Rudy’s BBQ</a></li><li><a href="http://www.chuys.com/" target=_blank>Chuy’s (Tex-Mex)</a></li><li><a href="http://www.hulahut.com/" target=_blank>Hula Hut</a></li><li><a href="http://www.cactushill.com/TCP/home.htm" target=_blank>Texas Chili Parlor</a></li><li><a href="http://www.trudys.com/" target=_blank>Trudy’s</a></li><li><a href="http://www.juaninamillion.com/" target=_blank>Juan in a Million</a></li><li><a href="http://www.amysicecreams.com/" target=_blank>Amy’s Ice Cream</a></li><li><a href="http://www.yelp.com/biz/momoko-austin" target=_blank>Momoko’s</a></li></ul><h1>To Do/See</h1><ul style="list-style:none;margin-left:-33px;"><li><a href="http://www.thestoryoftexas.com/" target=_blank>Bob Bullock Texas State History Museum</a></li><li><a href="http://www.yelp.com/biz/bats-under-the-congress-avenue-bridge-austin" target=_blank>Congress Avenue Bridge / Austin Bats</a></li><li><a href="http://www.yelp.com/biz/texas-state-capitol-austin#query:State%20Capitol%20Building" target=_blank>State Capitol Building</a></li><li><a href="http://www.blantonmuseum.org/" target=_blank>Blanton Museum of Art</a></li><li><a href="http://www.laketravis.com/" target=_blank>Lake Travis</a></li><li><a href="http://guadaluperiver.com/site/" target=_blank>Guadalupe River</a></li><li><a href="http://www.texastubes.com/" target=_blank>Comal River</a></li><li><a href="http://www.austinexplorer.com/Locations/ShowLocation.aspx?LocationID=1791" target=_blank>Mount Bonnell</a></li></ul><h1>Shopping</h1><ul style="list-style:none;margin-left:-33px;"><li><a href="http://www.thedomainaustin.com/" target=_blank>The Domain Mall</a></li><li><a href="http://www.premiumoutlets.com/outlets/outlet.asp?id=73" target=_blank>Round Rock Premium Outlets</a></li><li><a href="http://www.downtownaustin.com/directory/Retail/" target=_blank>Downtown Austin Shops & Boutiques</a></li></ul>');
INSERT INTO widget_texts VALUES (12,'Registry','<p>As many of yall may know, we will be spending the first year of our marriage traveling and living abroad!  While we appreciate the gesture of a wedding present, we kindly request cash gifts to help fund our future adventures (and minimize our storage rental!)</p>');
